<?xml version="1.0" encoding="UTF-8"?>
<!DOCTYPE mapper PUBLIC "-//mybatis.org//DTD Mapper 3.0//EN"
"http://mybatis.org/dtd/mybatis-3-mapper.dtd">

<mapper namespace="com.oracle.S202350102.QBoardMapper">
	<select id="qBoardList" parameterType="Board" resultType="Board">
	    SELECT rownum AS rnum, a.* 
	    FROM (
	      SELECT b.brd_num, u.user_num, b.title, u.nick, b.reg_date, b.view_cnt 
	      FROM board b, user1 u 
	      WHERE b.user_num = u.user_num 
	      AND brd_lg = 400
	    ) a 
	    WHERE rownum BETWEEN 1 AND 5
	</select>
	
	<select id="qBoardSelect" parameterType="int" resultType="Board">
		SELECT * FROM Board WHERE brd_num = #{brd_num }
	</select>
	
	<insert id="qBoardInsert" parameterType="int">
		INSERT INTO (brd_num, brd_lg, brd_md, title, conts, img, reg_date ) 
		VALUES(brd_num_seq, #{brd_lg}, #{brd_md}, #{title}, #{conts}, #{img}, sysdate)
	</insert>
	
	<delete id="qBoardDelete" parameterType="int">
		DELETE Board WHERE brd_num = #{brd_num}
	</delete>
	
	<update id="qReadCount" parameterType="int">
		UPDATE Board SET counts = counts+1 WHERE brd_num = #{brd_num}
	</update>
</mapper>