<?xml version="1.0" encoding="UTF-8"?>
<!DOCTYPE mapper PUBLIC "-//mybatis.org//DTD Mapper 3.0//EN"
"http://mybatis.org/dtd/mybatis-3-mapper.dtd">

<mapper namespace="com.oracle.S202350102.BoardMapper">

    <select id="listCommunity" parameterType="Board" resultType="Board">
        SELECT b.brd_num, u.user_num, b.title, u.nick, b.reg_date, b.view_cnt
        FROM board b, user1 u
        WHERE b.user_num = u.user_num
        AND b.brd_lg = 700
        AND b.brd_md = 103
    </select>
    

    <select id="YaCommunityOne" parameterType="int" resultType="Board">
    	 SELECT  b.title, u.nick, b.reg_date, b.conts, b.view_cnt
    	 FROM board b, user1 u
    	 Where brd_num =#{brd_num}
    	 AND b.user_num = u.user_num
    </select>
    

  	<update id="YaBoardUpviewCnt" parameterType="int">
  		UPDATE board set view_cnt=view_cnt+1 
  		WHERE brd_num=#{brd_num}
  	</update>  
    
    
   <select id="CommunityWriteNick" parameterType="int" resultType="java.lang.String">
   		SELECT u.nick 
   		FROM board b
   		INNER JOIN user1 u ON b.user_num = u.user_num
   		WHERE  b.user_num=#{user_num}
        AND b.brd_lg = 700
        AND b.brd_md = 103 		
   </select>
</mapper>